{
    "dependencies": [
        "bindings",
        "workspace",
        "components"
    ],
    "extensions": [
        {
            "type": "view",
            "location": "settings-view",
            "id": "workspace",
            "title": "Workspace",
            "order": "1",
            "className": "Persistence.WorkspaceSettingsTab"
        }
    ],
    "scripts": [
        "IsolatedFileSystem.js",
        "IsolatedFileSystemManager.js",
        "FileSystemWorkspaceBinding.js",
        "DefaultMapping.js",
        "Automapping.js",
        "Persistence.js",
        "PersistenceUtils.js",
        "FileSystemMapping.js",
        "EditFileSystemView.js",
        "WorkspaceSettingsTab.js"
    ],
    "resources": [
        "editFileSystemView.css",
        "workspaceSettingsTab.css"
    ]
}
