{
    "extensions": [
        {
            "type": "view",
            "location": "drawer-view",
            "id": "changes.changes",
            "title": "Changes",
            "persistence": "closeable",
            "className": "Changes.ChangesView",
            "experiment": "changesDrawer"
        }
    ],
    "dependencies": [
      "workspace_diff",
      "text_editor",
      "workspace",
      "diff",
      "bindings",
      "persistence",
      "ui"
    ],
    "scripts": [
      "ChangesHighlighter.js",
      "ChangesView.js",
      "ChangesSidebar.js"
    ],
    "resources": [
      "changesView.css",
      "changesSidebar.css"
    ]
}
