{
    "extensions": [
        {
            "type": "view",
            "location": "panel",
            "id": "console",
            "title": "Console",
            "order": 20,
            "className": "Console.ConsolePanel"
        },
        {
            "type": "view",
            "location": "drawer-view",
            "id": "console-view",
            "title": "Console",
            "persistence": "permanent",
            "order": 0,
            "className": "Console.ConsolePanel.WrapperView"
        },
        {
            "type": "@Common.Revealer",
            "contextTypes": [
                "Common.Console"
            ],
            "className": "Console.ConsolePanel.ConsoleRevealer"
        },
        {
            "type": "@UI.ActionDelegate",
            "actionId": "console.show",
            "className": "Console.ConsoleView.ActionDelegate",
            "bindings": [
                {
                    "shortcut": "Ctrl+`"
                }
            ]
        },
        {
            "type": "@UI.ActionDelegate",
            "category": "Console",
            "actionId": "console.clear",
            "title": "Clear console",
            "iconClass": "largeicon-clear",
            "className": "Console.ConsoleView.ActionDelegate",
            "bindings": [
                {
                    "platform": "windows,linux",
                    "shortcut": "Ctrl+L"
                },
                {
                    "platform": "mac",
                    "shortcut": "Ctrl+L Meta+K"
                }
            ]
        },
        {
            "type": "@UI.ActionDelegate",
            "category": "Console",
            "actionId": "console.clear.history",
            "title": "Clear console history",
            "className": "Console.ConsoleView.ActionDelegate"
        },
        {
            "type": "setting",
            "category": "Console",
            "title": "Hide network messages",
            "settingName": "hideNetworkMessages",
            "settingType": "boolean",
            "defaultValue": false,
            "options": [
                {
                    "value": true,
                    "title": "Hide network messages"
                },
                {
                    "value": false,
                    "title": "Show network messages"
                }
            ]
        },
        {
            "type": "setting",
            "category": "Console",
            "title": "Log XMLHttpRequests",
            "settingName": "monitoringXHREnabled",
            "settingType": "boolean",
            "defaultValue": false
        },
        {
            "type": "setting",
            "category": "Console",
            "title": "Show timestamps",
            "settingName": "consoleTimestampsEnabled",
            "settingType": "boolean",
            "defaultValue": false,
            "options": [
                {
                    "value": true,
                    "title": "Show timestamps"
                },
                {
                    "value": false,
                    "title": "Hide timestamps"
                }
            ]
        },
        {
            "type": "setting",
            "category": "Console",
            "title": "Autocomplete from history",
            "settingName": "consoleHistoryAutocomplete",
            "settingType": "boolean",
            "defaultValue": true,
            "options": [
                {
                    "value": true,
                    "title": "Autocomplete from history"
                },
                {
                    "value": false,
                    "title": "Do not autocomplete from history"
                }
            ]
        }
    ],
    "dependencies": [
        "components",
        "data_grid",
        "object_ui",
        "console_model",
        "product_registry"
    ],
    "scripts": [
        "ConsoleContextSelector.js",
        "ConsoleViewport.js",
        "ConsoleViewMessage.js",
        "ConsolePrompt.js",
        "ConsoleView.js",
        "ConsolePanel.js"
    ],
    "resources": [
        "consoleContextSelector.css",
        "consoleContextSelectorButton.css",
        "consoleView.css"
    ]
}
