{"file_hashes":[{"block_hashes":["SPiGU9E7YtmmGBCB4vjRGjH1M37y6SMisEcyZ5iAXeI=","q9UoSyN6m/zufvu+Nbe63CYQElfrrvSfR+FcQIY60Qs=","eAp1tbxR3Eetfw8VSm+R9Wjtx9pHi9QKbfehdxXM/Io=","Si5ztCjZffe2M4Hb0VKTM+pW58rtkICzTbhVrnFhIQ8=","uNVgkluER7H1ZkJcHVPEegejT8oiNhbMsKH15zT6CBM=","p29JOkt3vtGSM3Suy05MStOrkSCN/2ilbhgyNFMLTRg=","BXu+p2xpy7dIPG2KW+QleMzrMGIwpiUxp6w3mAdWII8=","FsW9l2/z3GKsC8hFBNRwMDY+LaKkw48yCSoNF0aEfM8=","TdjZd5Obn+PbSN/F0RS7Zb9tVKz8Kg2aY6phkiinhT4=","6caeyfEBPjbR8yVuRkrPB1rW9x0IswqtRbIIJqL5DDI=","U6ZPsfhcohp+gimCrrORMySlvPzEzMCxQL9oNmiOL+U=","3CIjFxiRTko5OxyHkvRIVS2m3rKqOlcox03WhQFDheM=","lPPLzCqAxWsV7ZMk06WvJreAQKyegZL6NUKZIRAk7JE=","4RcWlrK521RIX0MP42ElpsRPFNg2xAUCE/DVv0oezvk=","wKYv22ltJb72vGhaXRewz+F0WVBcFjlYIQugmPH8e58=","aRrw6SiLPAoE9V8myYWmT+8AZy4bU0qSMEguYcJ864M=","vWBopWjuXGUe67JwCU0TZEjW8IBpXReUGY2r2D3uSkM=","Em9wC11n/C2byXOZvWNNgj/styOfFnYXBZOdGKt4hW0=","xllMAA11qIZZs/s+yCawIn7D7t++AFA5IvgTweCksxk=","TSLhwgBQesTgOQFeWBBK3QBE4CaMN4UYfXaOpcX1mIE=","ylDkBVcNSYc1H8DGstMu6r+TmEfyTB7tSzksikCmK6w=","zEVVvickiOV5hzna+oOQoPX/KG/2b09hLQhoOzXTCIU=","j7SqMjzJ98wGKRLJWs2QIDBnbrEv3zT/rNNQvtjc/bM=","7eAn8NWdb4Gd9t0ditR5Rbms0wbPy0S5x3embGDAakQ=","Sou2GieuGlpFAHahFW6jCiXl3TZGgUWHVjPZXGNKWkA=","J/3IHjGlZhq22t77q5SUj5bdfppniI6UJutsBcrwVbA=","RLHW2qs9N4+Y9SLobYSBgOiFalwm2fqi5/rEXRrmXhU=","g4im/0MnCdnAZ7Ud/tj2rtH0Fjv24gGVdYfixS4I1AU=","7HQ6lWmoxU1gnB/v2Yy2RRGQGQauS+xlj6EgqnqAxaw=","786u82DQJBiA1Hi9yD8go0carj5t4dOp1ceMaJRAed4=","CCUnDSi0aky1ENIAS5MkRwtTNnpEPUStUxuX4erYqt4=","H9vKAlTjYw8EJCKuLVyhMVc62IGdfIh3Igl6u7m5ies=","mPvNHsHG6xlOdUHD8q5OClyQqvErF2EVL2DFDFryeBc=","BrbVoI+AXFSCgvLV7/Zm2TSS/ldKNQluY4965FjPvrk=","+Ep/ZUt484dBt2OhZyhCEFGMcTaGFCZhpIXTH77Oy+o=","oJ5cAtqIMwBGKpK6owFRHXFGQJDZNrI2QYiL87CH2bo=","0YqsUNDRtnASA/hP7Yb+TzF/1lqsefEwKPW6z9g4aa8=","MMsiqfS70jZt8z6IXWAo4aBaH0t+p16/HmmMg0pLQOg=","yracwR1pZteZIU3DpTBOUvLb0SZDeRP88mP5V6bFpRQ=","Ro86/c2YhqrrS7wArMkAfi1wv6+Nl/2NVDDoG4GFLZI=","S5ZiyEek1UWW9ixCjWb0M/6NPfvJFqTPpR9iSWdeosI=","9HtH8C0jve07Kt0NHxxcB4bW9wA/dRUnHPOkAvtCsvo=","Xq5r70XWxpCYRkdEhKssfCuja9GK1zo4vTYZNYTZLCM=","Nirv/JGdkrw1qMqKbGxAAoA/4PiRl01KFxTYQfjmubg=","6s06VQiu+Pnc9/6fwI17XIVuY1D7VAnlT8tsAcAw9sA=","4UTmwB2JWBaVsqOt1/yp8Fs00O8wZ48ilFzyuA4coOo=","J/gtFysRZm5ReCtWZUud0GwVFgnzvkq0QaW+zuxLkz0=","ogzmxOeBIbrH/xUmNW/dOregPSLqwdwHmSfUKgLB9Ek=","12Lypmg5esCOl9UYU+qqYd3VLbwGBpzuZoUFEeBzcRg=","OMiP4T2Mfyeo+gMHUcdUe/shztwuLqRjo93aYlbYft0="],"block_size":4096,"path":"canary.css"},{"block_hashes":["LRC9TTw7INwNuAAhS6nf+Xwk6hwj5w87F2/oayyNb/Q="],"block_size":4096,"path":"devtools.html"},{"block_hashes":["MkVR/iQ7sN1jyo6IInyxQHQGQWvPn9xTY3GFzEONEOc="],"block_size":4096,"path":"devtools.js"},{"block_hashes":["g2DNzh5qUuvqd5FL4S4CjJW1m/TI/SuVQgq+LP836uI=","+XTOrvnYJYsEPyx3bLER+T3VwU+zeW1rWMJ3z3UB73M=","4BchwYay8idNgBelKFIIxhtkDnDQ5jdFqxDLSj0drE8="],"block_size":4096,"path":"images/icon96.png"},{"block_hashes":["SPiGU9E7YtmmGBCB4vjRGjH1M37y6SMisEcyZ5iAXeI=","x7EeeAgSQzTXXWhWWw4AiKD3gCjh2bzGsBZ3cdSNCa0=","7rnmxqcRy2ogTVjtYtKs6xSv4IlIex6lnXVs25DqmLI=","FSRV2vp+4bZfG22mzPlCQZQMedL0vLBL5NAi+nrH3ZE=","Io1AxoV6YthgbQHEwi9n4cwXbesgjt/IXDn/bpIJXjI=","nK96Xv58e9at95EXf2oxL7Lgx4ob5sUx0AH2qUG5QX4=","1eBOrKrBPdhKOBup/TQiniIX4SZmThEpn4Syoz3OvZQ=","bVgJ5cBqpbt55N2d5b0KaCh8BJHe8LKo/QmAz1qjsMk=","LX7GkjumTNk0lyPRJ8rmCNfVIWWZVmaFrdsmHMHUZNk=","9hBd3P4DUTUHkyAoTtvluNzawOYRYMKakAg46ulgmLc=","dWy0WAO1ltss3Qmy01xRztQE+K22Vdj/9UrSOatNkGE=","CWVwAz1rJIuCbhAXyvLLEWZobKyS3PNwPtlzT35v6/8=","JkLYXn/x1eZ3gZx6wAxbReRRdlKlDEjML4C9er2iJhI=","xxTMunm/tfJ2AEzhzJTG6aSoKyTaFD7hFLI589pRoZU=","ugGyhzi0O2OSXS1870y29oSbv/eZQdi8RW9jjC0Y9qc=","yZS1GqcZOUBSPbxgmdKdORCGRcskUPeKQXBdJbqpgRI=","1C2pjIBf6giZnHwksI58xZAmpmrcFDf7sjqAK1+KInk=","idvAEKwr1oGzuX3UxuMlvvfrDzv9lIbtxT/kpZWIBxA=","W3zoe9NqLv7tEyD5IGju9gaNMV0CfIuh9LMTv6WwXNI=","tzMA4ZBU52sJNHjb1hSwxD6yykccypH5PY9IFTX0J54=","OPywOunVQ2E63t/GxjCL9+8tuaNVn+BSK1C4b2fO18E=","DXFtVdnwtCH8TnPNI8z1tGBm3YkYXxt5WoMdeWnAPUI=","DdecycTEggIeua5Xo8CdElNDsMsHg2I7yMiGtGEmVcs=","4ioNBzPPB1ZkJqUK1p1LmyQNo7m3YbgmkGZnNE0ZV/s=","kV3BW9TcB+EnH9r4MaxFkvAvrxrowU+5EU9D6o0q6qk=","R6RgaaSBrTQxYr2s9hsZJo8JGEK8QWWPGYKlQeBXgaY=","EwKIlGNdhzklxIuUTk8ZzPE0JlXi+VPSU4Y33NqYEkY=","DWqvWXtmXP2Ybdjmb795DbO5JPAJrXoNcB3y4tqWBB0=","87wFR3kIW7ktBoJuXsD0rd54cQjMW3IcDbCmxAaw3yE=","7yvkILCgS14T+gPTs8M/xQ5SIl4J5IVsZ2hwEBCArfo=","M2FiK6moDgm3OOSSz9VnvJvJC+6DSWtGJbbYJYF+/u4=","nGsFqSmsOOBPBXCihmobdWHdVJ7qa/MXfv7ug+kojSw=","umCcowuk+xNqjYkGqPlzf5LqWg27oDRiX1sCDLT6uvk=","LNsB9KPK/V/KMnXhJd9L4Zn3E6b86qGRQEHahw7qocE=","8nDKrvx/Wr7J+4mUtkldIZ9goxO0oeS+KEmj4qjU1P4=","mzMfBcZQscEvEO9EaqPt6RhjTeQLCbo0N64jyQYtsQA=","du6h5xPh9DUpQPUkdl4CLYuvPkFWjUTeQOgoNwthumU=","CVTTjkgpCKIL0ayLsD68K2umJNzrNJjhfdu7ZRgwTq8=","BxSC2F1AkeMmI5fvIaKTceuYpx7fBz8PIeRELHGO/8I=","IGIFoR+gloALp2IH6KeVBuJ0XVq2ql1QwpYYv7klyLA=","WFuLhIwWCRIDf3A8XBTbn0j5CNFcZNE/Ba1VtUaj5xo=","GCmc39LlNky7IQAhcm4f3aXFKoX9F8XgjiaOt6G0k7M=","CYkGIzsHVfxqKsL15qHmi98JGAcreTPI8trEMxTn/vY=","VKK2a4C3gkQh4mtR17ZXNlRGMAqtkwowY1t2tFtOT/0=","AK4ILM4UXngVEXy/XT2KniFfq2YTF2ieMB5T8dt4w5o=","GM5TDnLCIAzmfu3jII5N/RzotnfrJKHTqL9G6/AHaZw=","TR+tYOLm/AVb00nwjbbyRvVvhVlP5AeWxBQ5F35zQB4=","Q1yXuH93M/qZC9KUtPsvaW42UEKedc771eeh0KSf9Ig=","c2n6epW9mnJ0iJoKfY+amNqnjQTR5Jtjgg27/8ri8IY="],"block_size":4096,"path":"stable.css"}],"version":2}