{
    "extensions": [
        {
            "type": "view",
            "location": "elements-sidebar",
            "id": "accessibility.view",
            "title": "Accessibility",
            "order": 10,
            "persistence": "permanent",
            "className": "Accessibility.AccessibilitySidebarView"
        }
    ],
    "dependencies": ["elements"],
    "experiment": "accessibilityInspection",
    "scripts": [
        "AccessibilityModel.js",
        "AccessibilitySidebarView.js",
        "AccessibilityNodeView.js",
        "AccessibilityStrings.js",
        "ARIAAttributesView.js",
        "ARIAMetadata.js",
        "ARIAConfig.js",
        "AXTreePane.js"
    ],
    "skip_compilation": [
        "ARIAConfig.js"
    ],
    "resources": [
        "accessibilityNode.css"
    ]
}
