{
    "extensions": [
        {
            "type": "view",
            "location": "panel",
            "id": "heap_profiler",
            "title": "Memory",
            "order": 60,
            "className": "Profiler.HeapProfilerPanel"
        },
        {
            "type": "view",
            "location": "panel",
            "id": "js_profiler",
            "title": "Profiler",
            "order": 65,
            "className": "Profiler.JSProfilerPanel",
            "condition": "v8only"
        },
        {
            "type": "view",
            "location": "panel",
            "id": "js_profiler",
            "title": "JavaScript Profiler",
            "persistence": "closeable",
            "order": 65,
            "className": "Profiler.JSProfilerPanel",
            "condition": "!v8only"
        },
        {
            "type": "@UI.ContextMenu.Provider",
            "contextTypes": [
                "SDK.RemoteObject"
            ],
            "className": "Profiler.HeapProfilerPanel"
        },
        {
            "type": "setting",
            "category": "Profiler",
            "title": "Record heap allocation stack traces",
            "settingName": "recordAllocationStacks",
            "settingType": "boolean",
            "defaultValue": false
        },
        {
            "type": "setting",
            "category": "Profiler",
            "title": "High resolution CPU profiling",
            "settingName": "highResolutionCpuProfiling",
            "settingType": "boolean",
            "defaultValue": true
        },
        {
            "type": "setting",
            "category": "Profiler",
            "title": "Show native functions in JS Profile",
            "settingName": "showNativeFunctionsInJSProfile",
            "settingType": "boolean",
            "defaultValue": true
        },
        {
            "type": "@UI.ActionDelegate",
            "actionId": "profiler.heap-toggle-recording",
            "iconClass": "largeicon-start-recording",
            "toggledIconClass": "largeicon-stop-recording",
            "toggleWithRedColor": true,
            "contextTypes": [
                "Profiler.HeapProfilerPanel"
            ],
            "className": "Profiler.HeapProfilerPanel",
            "bindings": [
                {
                    "platform": "windows,linux",
                    "shortcut": "Ctrl+E"
                },
                {
                    "platform": "mac",
                    "shortcut": "Meta+E"
                }
            ]
        },
        {
            "type": "@UI.ActionDelegate",
            "actionId": "profiler.js-toggle-recording",
            "iconClass": "largeicon-start-recording",
            "toggledIconClass": "largeicon-stop-recording",
            "toggleWithRedColor": true,
            "contextTypes": [
                "Profiler.JSProfilerPanel"
            ],
            "className": "Profiler.JSProfilerPanel",
            "bindings": [
                {
                    "platform": "windows,linux",
                    "shortcut": "Ctrl+E"
                },
                {
                    "platform": "mac",
                    "shortcut": "Meta+E"
                }
            ]
        }
    ],
    "dependencies": [
        "components",
        "perf_ui",
        "data_grid",
        "heap_snapshot_model",
        "object_ui"
    ],
    "scripts": [
        "ProfileType.js",
        "ProfileHeader.js",
        "ProfilesPanel.js",
        "ProfileView.js",
        "ProfileDataGrid.js",
        "BottomUpProfileDataGrid.js",
        "TopDownProfileDataGrid.js",
        "CPUProfileFlameChart.js",
        "CPUProfileView.js",
        "HeapProfileView.js",
        "HeapSnapshotProxy.js",
        "HeapSnapshotDataGrids.js",
        "HeapSnapshotGridNodes.js",
        "HeapSnapshotView.js",
        "HeapProfilerPanel.js",
        "ProfileLauncherView.js",
        "ProfileTypeRegistry.js",
        "TargetsComboBoxController.js"
    ],
    "resources": [
        "heapProfiler.css",
        "profilesPanel.css",
        "profilesSidebarTree.css"
    ]
}
