{
    "extensions": [
        {
            "type": "view",
            "location": "panel",
            "id": "audits",
            "title": "Audits",
            "order": 90,
            "className": "Audits.AuditsPanel",
            "experiment": "!audits2"
        },
        {
            "type": "view",
            "location": "panel",
            "id": "audits",
            "title": "Legacy Audits",
            "order": 90,
            "persistence": "closeable",
            "className": "Audits.AuditsPanel",
            "experiment": "audits2"
        }
    ],
    "dependencies": [
        "components",
        "extensions",
        "network_log",
        "object_ui"
    ],
    "scripts": [
        "AuditsPanel.js",
        "AuditCategory.js",
        "AuditCategories.js",
        "AuditController.js",
        "AuditFormatters.js",
        "AuditLauncherView.js",
        "AuditResultView.js",
        "AuditRules.js",
        "AuditExtensionCategory.js"
    ],
    "resources": [
        "auditsPanel.css",
        "auditsSidebarTree.css",
        "auditResultTree.css"
    ]
}
