{
    "extensions": [
        {
            "type": "@Common.AppProvider",
            "className": "Screencast.ScreencastAppProvider",
            "order": 1
        },
        {
            "type": "@UI.ToolbarItem.Provider",
            "className": "Screencast.ScreencastApp.ToolbarButtonProvider",
            "order": 1,
            "location": "main-toolbar-left"
        },
        {
            "type": "context-menu-item",
            "condition": "remoteFrontend",
            "location": "mainMenu",
            "order": 10,
            "actionId": "components.request-app-banner"
        }
    ],
    "dependencies": [
        "components",
        "emulation"
    ],
    "scripts": [
        "InputModel.js",
        "ScreencastApp.js",
        "ScreencastView.js"
    ],
    "resources": [
        "screencastView.css"
    ]
}
