{
    "extensions": [
        {
            "type": "@QuickOpen.FilteredListWidget.Provider",
            "title": "Run command",
            "prefix": ">",
            "className": "QuickOpen.CommandMenuProvider"
        },
        {
            "type": "@QuickOpen.FilteredListWidget.Provider",
            "prefix": "?",
            "className": "QuickOpen.HelpQuickOpen"
        },
        {
            "type": "@UI.ActionDelegate",
            "actionId": "commandMenu.show",
            "className": "QuickOpen.CommandMenu.ShowActionDelegate",
            "bindings": [
                {
                    "platform": "windows,linux",
                    "shortcut": "Ctrl+Shift+P"
                },
                {
                    "platform": "mac",
                    "shortcut": "Meta+Shift+P"
                }
            ]
        },
        {
            "type": "@UI.ActionDelegate",
            "actionId": "quickOpen.show",
            "title": "Open file",
            "className": "QuickOpen.QuickOpen.ShowActionDelegate",
            "order": 100,
            "bindings": [
                {
                    "platform": "mac",
                    "shortcut": "Meta+P Meta+O"
                },
                {
                    "platform": "windows,linux",
                    "shortcut": "Ctrl+P Ctrl+O"
                }
            ]
        },
        {
            "type": "context-menu-item",
            "location": "mainMenu/navigate",
            "actionId": "quickOpen.show"
        }
    ],
    "dependencies": [
        "ui",
        "diff"
    ],
    "scripts": [
        "FilteredListWidget.js",
        "QuickOpen.js",
        "CommandMenu.js",
        "HelpQuickOpen.js"
    ],
    "resources": [
        "filteredListWidget.css"
    ]
}
