{
    "extensions": [
        {
            "type": "view",
            "location": "panel",
            "id": "resources",
            "title": "Application",
            "order": 70,
            "className": "Resources.ResourcesPanel"
        },
        {
            "type": "@Common.Revealer",
            "contextTypes": [
                "SDK.Resource"
            ],
            "className": "Resources.ResourcesPanel.ResourceRevealer"
        }
    ],
    "dependencies": [
        "source_frame",
        "cookie_table",
        "inline_editor",
        "data_grid",
        "components",
        "network_conditions",
        "object_ui"
    ],
    "scripts": [
        "ApplicationCacheModel.js",
        "AppManifestView.js",
        "ApplicationCacheItemsView.js",
        "ClearStorageView.js",
        "StorageItemsView.js",
        "CookieItemsView.js",
        "DatabaseModel.js",
        "DOMStorageModel.js",
        "DOMStorageItemsView.js",
        "DatabaseQueryView.js",
        "DatabaseTableView.js",
        "IndexedDBModel.js",
        "IndexedDBViews.js",
        "ResourcesPanel.js",
        "ApplicationPanelSidebar.js",
        "ResourcesSection.js",
        "ServiceWorkerCacheViews.js",
        "ServiceWorkersView.js"
    ],
    "resources": [
        "appManifestView.css",
        "clearStorageView.css",
        "indexedDBViews.css",
        "resourcesPanel.css",
        "resourcesSidebar.css",
        "serviceWorkerCacheViews.css",
        "serviceWorkersView.css"
    ]
}
