{
    "extensions": [
        {
            "type": "view",
            "location": "drawer-view",
            "id": "remote-devices",
            "title": "Remote devices",
            "persistence": "closeable",
            "order": 50,
            "className": "Devices.DevicesView",
            "condition": "!v8only",
            "tags": "usb, android, mobile"
        },
        {
            "type": "view",
            "location": "panel",
            "id": "node-connection",
            "title": "Connection",
            "order": 0,
            "className": "Devices.DevicesView.Panel",
            "condition": "nodeFrontend",
            "tags": "node"
        }
    ],
    "dependencies": ["platform", "ui", "host", "components"],
    "scripts": [
        "DevicesView.js"
    ],
    "resources": [
        "devicesView.css"
    ]
}
